<?xml version="1.0"?>

<!DOCTYPE ACTIONS SYSTEM "actions.dtd">

<ACTIONS>
	<ACTION NAME="javastyle-reformat">
		<CODE>
			org.acm.seguin.ide.jedit.JavaStyleActions.beautify(view, buffer, false);
		</CODE>
	</ACTION>

	<ACTION NAME="javastyle-options">
		<CODE>
			org.acm.seguin.ide.jedit.JavaStyleActions.optionDialog(view);
		</CODE>
	</ACTION>
    <ACTION NAME="javastyle-check-current-buffer">
        <CODE>
            org.acm.seguin.ide.jedit.JavaStyleActions.check(buffer, view);
        </CODE>
    </ACTION>
    <ACTION NAME="javastyle-check-all-open-buffers">
        <CODE>
            org.acm.seguin.ide.jedit.JavaStyleActions.checkAllOpenBuffers(view);
        </CODE>
    </ACTION>
    <ACTION NAME="javastyle-check-current-directory">
        <CODE>
            org.acm.seguin.ide.jedit.JavaStyleActions.checkDirectory(view);
        </CODE>
    </ACTION>
  <ACTION NAME="javastyle-check-current-directory-recursively">
    <CODE>
      org.acm.seguin.ide.jedit.JavaStyleActions.checkDirectoryRecursively(view);
    </CODE>
  </ACTION>
    <ACTION NAME="javastyle-clear-errorlist">
      <CODE>
        org.acm.seguin.ide.jedit.JavaStyleActions.clearErrorList();
      </CODE>
    </ACTION>
  <ACTION NAME="javastyle-cpd-currentfile">
    <CODE>
      org.acm.seguin.ide.jedit.JavaStylePlugin.cpdCurrentFile(view);
    </CODE>
  </ACTION>
    <ACTION NAME="javastyle-cpd-dir">
    <CODE>
      org.acm.seguin.ide.jedit.JavaStylePlugin.cpdDir(view,false);
    </CODE>
  </ACTION>
  <ACTION NAME="javastyle-cpd-dir-recursively">
    <CODE>
      org.acm.seguin.ide.jedit.JavaStylePlugin.cpdDir(view,true);
    </CODE>
  </ACTION>
  <ACTION NAME="javastyle-check-file">
    <CODE>
      org.acm.seguin.ide.jedit.JavaStylePlugin.checkFile(view,browser);
    </CODE>
  </ACTION>
  
        <!-- open JRefactory options dialog. -->             
        <!-- open the UML class diagrams associated with the Java file that has the focus (if any)
             and move to that class in the diagram (to make it visible). -->             
	<ACTION NAME="javastyle_open_uml">
		<CODE>
			org.acm.seguin.ide.jedit.JavaStyleActions.openUML(view);
		</CODE>
	</ACTION>
	
        <!-- parse the Java files associated with the current project and add to
             the UML class diagrams. -->
	<ACTION NAME="javastyle_open_all_files">
		<CODE>
			org.acm.seguin.ide.jedit.JavaStyleActions.openAllProjectFiles(view);
		</CODE>
	</ACTION>
	
        <!-- remove all the Java files associated with the current project from
             the UML class diagrams. -->
	<ACTION NAME="javastyle_remove_all_files">
		<CODE>
			org.acm.seguin.ide.jedit.JavaStyleActions.removeAllProjectFiles(view);
		</CODE>
	</ACTION>
	
        <!-- ??? -->
	<ACTION NAME="selectedfiles-viewer-menu-item">
    	<CODE>
			pv = view.getDockableWindowManager().getDockable("jrefactory");
			if (pv == null) {
				JOptionPane.showMessageDialog(view, "cannot get JRefactory");
			} else {
				// JOptionPane.showMessageDialog(view, "Got JRefactory");
				String s = "";
				List list = pv.getSelectedFilePaths();
				if (list !=null) {
					ListIterator iter = list.listIterator();
					while ( iter.hasNext() ) {
						s += iter.next() + "\n";
					}
					textArea.setSelectedText(s);
				}
			}
		</CODE>
	</ACTION>

</ACTIONS>

